text,label,source_url,notes
Prime Lebron was a menace,Hot Take or Reaction,https://www.reddit.com/r/nba/comments/1ubvqff/lebron_james_athleticism_during_his_first/,
One of my favorite memories was sitting around the family computer on with my friends watching NBA and NFL highlights on YouTube. One of my friends was a Celtics and was saying how LeBron wasn’t that good and then the very next video we clicked on was like an 8 minute montage of LeBron chase down blocks solely on Rondo and we all were just howling laughing at the odds that our buddy was just talking shit about LeBron and then his favorite player is featured in a block montage from LeBron,Evidence-Based Analysis,https://www.reddit.com/r/nba/comments/1ubvqff/lebron_james_athleticism_during_his_first/,
"The most athletic human I’ve ever seen and it’s not close. Like if you were rating humans 1-10 on overall athleticism and you got to LeBron you either call him a 13 or have to reorder everyone that came before. There are faster guys, quicker guys, stronger guys, bigger guys, guys with higher verts… but he was like 95% of what they were all in ONE GUY. Ridiculous.",Evidence-Based Analysis,https://www.reddit.com/r/nba/comments/1ubvqff/lebron_james_athleticism_during_his_first/,Borderline with Reasoned Opinion; labeled analysis because it uses a concrete basketball fact or comparison.
"I don't know why and I never thought about it, but it's crazy that OKC KD faced first stint in Clevland Lebron",Reasoned Opinion,https://www.reddit.com/r/nba/comments/1ubvqff/lebron_james_athleticism_during_his_first/,Borderline with Hot Take; labeled opinion because the commenter gives at least one supporting reason.
I’d argue his Miami days were his peak athletic prime,Hot Take or Reaction,https://www.reddit.com/r/nba/comments/1ubvqff/lebron_james_athleticism_during_his_first/,Borderline with Reasoned Opinion; labeled reaction because the claim is mostly emotional or unsupported.
labrawwwn jaaymess,Hot Take or Reaction,https://www.reddit.com/r/nba/comments/1ubvqff/lebron_james_athleticism_during_his_first/,
"it was this athelticism that seduced comps for ""next generational talents"" like Zion, and other bums, but what's missing from these (extremely) long athletic highlight reels is that he's also one of best decision makers ever, one of the most clutch players ever, one of the best defenders ever. there's such underappreciation for LBJ when they try to comp the ""next"" Lebron. and i still hate him. lol.",Evidence-Based Analysis,https://www.reddit.com/r/nba/comments/1ubvqff/lebron_james_athleticism_during_his_first/,
"For you youngins, that first dunk on James Johnson came after James was shit talking LeBron, so Bron gave it to him right down the pipe",Reasoned Opinion,https://www.reddit.com/r/nba/comments/1ubvqff/lebron_james_athleticism_during_his_first/,
Ok now we need a “My son is in the NBA with me and I’m still ballin highlight reel.”,Reasoned Opinion,https://www.reddit.com/r/nba/comments/1ubvqff/lebron_james_athleticism_during_his_first/,
"Man… he’s doing this against the best athletes in the world. Some of his drives look so slow, methodical, calculating, like the defense has a chance, and then suddenly his torso is 3 feet above them and they’re getting smacked with a basketball.",Evidence-Based Analysis,https://www.reddit.com/r/nba/comments/1ubvqff/lebron_james_athleticism_during_his_first/,
Most of these plays would be your average player's career highlight. It's not comprehensible how good LeBron was. Can hardly be put into words.,Evidence-Based Analysis,https://www.reddit.com/r/nba/comments/1ubvqff/lebron_james_athleticism_during_his_first/,
Wtf dude I dont remember him being so massive. Looks like a center out there,Reasoned Opinion,https://www.reddit.com/r/nba/comments/1ubvqff/lebron_james_athleticism_during_his_first/,Borderline with Hot Take; labeled opinion because the commenter gives at least one supporting reason.
Is this just his social media team? So many of these posts out of the blue lately,Reasoned Opinion,https://www.reddit.com/r/nba/comments/1ubvqff/lebron_james_athleticism_during_his_first/,Borderline with Hot Take; labeled opinion because the commenter gives at least one supporting reason.
Jesus Christ,Hot Take or Reaction,https://www.reddit.com/r/nba/comments/1ubvqff/lebron_james_athleticism_during_his_first/,
Really enjoy the block that was also a pass starting a fast break lol,Reasoned Opinion,https://www.reddit.com/r/nba/comments/1ubvqff/lebron_james_athleticism_during_his_first/,Borderline with Hot Take; labeled opinion because the commenter gives at least one supporting reason.
I would give anything to have an alternate timeline where he dedicated every waking minute to playing QB,Reasoned Opinion,https://www.reddit.com/r/nba/comments/1ubvqff/lebron_james_athleticism_during_his_first/,
I totally forgot about that lebron block on jason richardson's 360 dunk attempt. That was the funniest shit to me for days at that time,Evidence-Based Analysis,https://www.reddit.com/r/nba/comments/1ubvqff/lebron_james_athleticism_during_his_first/,
His movements were just so much more fluid in those years. Miami muscle definitely made him a bit stiff,Reasoned Opinion,https://www.reddit.com/r/nba/comments/1ubvqff/lebron_james_athleticism_during_his_first/,Borderline with Hot Take; labeled opinion because the commenter gives at least one supporting reason.
Omfg!!!!,Hot Take or Reaction,https://www.reddit.com/r/nba/comments/1ubvqff/lebron_james_athleticism_during_his_first/,
"Only thought when I see this as a LeBron lifer and fan: I wish he would have made time for a dunk contest. Should have stayed a right of passage. I think then you’d have seen the Ja Morant, Anthony Edwards , and general springy next generation have also continued. When LeBron made skipping cool as a guy who could jump out of the gym, everyone else could justify it.",Evidence-Based Analysis,https://www.reddit.com/r/nba/comments/1ubvqff/lebron_james_athleticism_during_his_first/,
"Remember, he's doing this as an 18 year old!!!",Hot Take or Reaction,https://www.reddit.com/r/nba/comments/1ubvqff/lebron_james_athleticism_during_his_first/,Borderline with Reasoned Opinion; labeled reaction because the claim is mostly emotional or unsupported.
Tbh i still cant believe that for those early cleveland teams the management was so incapable of bringing any legit second option to that team. I remmeber back then watching and think what the actual fuck is no one trying to somehow bring kevin garnet or like a baron davis to that team.There were a insane amount of really elite players playing for some really bad teams.,Evidence-Based Analysis,https://www.reddit.com/r/nba/comments/1ubvqff/lebron_james_athleticism_during_his_first/,
"I said young shaq was the closest freak athlete to LeBron I’ve ever seen live, and the amount of comments and downvotes saying shaq was a bigger freak is staggering. Most upvoted comments being because he broke backboards. I’m not a nephew, I’ve watched both in their athletic prime, and LeBron is on a different level.",Reasoned Opinion,https://www.reddit.com/r/nba/comments/1ubvqff/lebron_james_athleticism_during_his_first/,Borderline with Hot Take; labeled opinion because the commenter gives at least one supporting reason.
Hate these sped up videos,Hot Take or Reaction,https://www.reddit.com/r/nba/comments/1ubvqff/lebron_james_athleticism_during_his_first/,
You can see some people were legit scared by the sheer power and loudness of his dunk at 4:44,Evidence-Based Analysis,https://www.reddit.com/r/nba/comments/1ubvqff/lebron_james_athleticism_during_his_first/,
"Great video, but it’s missing one of my favorite LeBron power dunks. Starts at 5:14 https://youtu.be/qD35qrTh-vs?t=313&is=Rjeszt7QHmiY0vLj",Evidence-Based Analysis,https://www.reddit.com/r/nba/comments/1ubvqff/lebron_james_athleticism_during_his_first/,
That second dunk was straight up nasty. 🔥,Hot Take or Reaction,https://www.reddit.com/r/nba/comments/1ubvqff/lebron_james_athleticism_during_his_first/,
LeBron James was David Robinson in condensed form with the speed and agility dialed up from 90 to 99.,Evidence-Based Analysis,https://www.reddit.com/r/nba/comments/1ubvqff/lebron_james_athleticism_during_his_first/,
Name one who was close while the time he started and till now. GOAT!!!,Hot Take or Reaction,https://www.reddit.com/r/nba/comments/1ubvqff/lebron_james_athleticism_during_his_first/,Borderline with Reasoned Opinion; labeled reaction because the claim is mostly emotional or unsupported.
If it wasn't for Jordan... Maybe he still is,Hot Take or Reaction,https://www.reddit.com/r/nba/comments/1ubvqff/lebron_james_athleticism_during_his_first/,Borderline with Reasoned Opinion; labeled reaction because the claim is mostly emotional or unsupported.
"I remember folks in 2008 saying that LeBron won’t have a long career because he relies too much on his athleticism, his explosiveness will break his body down, and he does not have a reliable jumpshot. And now he’s 40+ still playing bro",Evidence-Based Analysis,https://www.reddit.com/r/nba/comments/1ubvqff/lebron_james_athleticism_during_his_first/,
"I still think 2013 is peak Bron for me, but the level of size, skill, explosion, speed and balance, thats once a generation. Doesn't even include what i think was the most impressive play where he goes full extension back to thor hammer and oop down on the Wizards in the playoffs.",Evidence-Based Analysis,https://www.reddit.com/r/nba/comments/1ubvqff/lebron_james_athleticism_during_his_first/,
"Imagine this guy also being the smartest guy on the court 9/10 times lol. All time draft, LeBron is still one. Over, Kareem, Jordan,Shaq whoever.",Evidence-Based Analysis,https://www.reddit.com/r/nba/comments/1ubvqff/lebron_james_athleticism_during_his_first/,
My GOAT,Hot Take or Reaction,https://www.reddit.com/r/nba/comments/1ubvqff/lebron_james_athleticism_during_his_first/,
"You can say that Jordan is the best of all time, but I didn't see him, but I saw LeBron James, and man what insanity he was, it hurt like he didn't have a title in his first stint with the Cavs.",Reasoned Opinion,https://www.reddit.com/r/nba/comments/1ubvqff/lebron_james_athleticism_during_his_first/,Borderline with Hot Take; labeled opinion because the commenter gives at least one supporting reason.
"Just like in NBA Live,",Hot Take or Reaction,https://www.reddit.com/r/nba/comments/1ubvqff/lebron_james_athleticism_during_his_first/,
"Lebron’s combination of size, athleticism and strength was insane. It’s why there were so few players throughout his career who could genuinely cause him to work one on one. Guys like Kawhi or Iggy couldn’t match his explosiveness but at least they had the length to bother his dribble/shot and the strength where he couldn’t just bulldoze him. Young Paul George did ok too.",Reasoned Opinion,https://www.reddit.com/r/nba/comments/1ubvqff/lebron_james_athleticism_during_his_first/,
It didn't matter how congested the paint was. If he was going right and got one step of momentum he was yolking it. I'll never forget jumping up off the couch during the furst clip in this video. I was stoned for the first tine. I was transfixed on how insanely athletic lebron was. He dunked that ball and I was convinced I was paranoid high. It turned out my buddy was the paranoid one. He was freaking out so bad that he was pretending to watch the gane and texting his brother to please come get him,Reasoned Opinion,https://www.reddit.com/r/nba/comments/1ubvqff/lebron_james_athleticism_during_his_first/,
Are zoomers going to be saying LeBron played with plumbers because they can't name anyone on these highlights,Reasoned Opinion,https://www.reddit.com/r/nba/comments/1ubvqff/lebron_james_athleticism_during_his_first/,Borderline with Hot Take; labeled opinion because the commenter gives at least one supporting reason.
The GOAT,Hot Take or Reaction,https://www.reddit.com/r/nba/comments/1ubvqff/lebron_james_athleticism_during_his_first/,
What a monster,Hot Take or Reaction,https://www.reddit.com/r/nba/comments/1ubvqff/lebron_james_athleticism_during_his_first/,
James is some old head. Cooper Flagg doing that same stuff.,Reasoned Opinion,https://www.reddit.com/r/nba/comments/1ubvqff/lebron_james_athleticism_during_his_first/,
"The fastest player over 6'6"" I've ever seen on the court.",Evidence-Based Analysis,https://www.reddit.com/r/nba/comments/1ubvqff/lebron_james_athleticism_during_his_first/,
"What's wild is that at 40+, he's not even that far off these highlights. The stamina is down for sure, but he's still extremely fast on the break and can play well above the rim.",Evidence-Based Analysis,https://www.reddit.com/r/nba/comments/1ubvqff/lebron_james_athleticism_during_his_first/,
"Lebron was biologically engineered, change my mind!",Hot Take or Reaction,https://www.reddit.com/r/nba/comments/1ubvqff/lebron_james_athleticism_during_his_first/,
Some of these clips don’t even make sense..absolutely mind blowing,Reasoned Opinion,https://www.reddit.com/r/nba/comments/1ubvqff/lebron_james_athleticism_during_his_first/,
Imagine if Reddit and NBA Twitter were a big thing during his 03-09 years. He’d be an even bigger star honestly.,Evidence-Based Analysis,https://www.reddit.com/r/nba/comments/1ubvqff/lebron_james_athleticism_during_his_first/,
"Thank you for posting this; my jaw hit the floor like 5 times in the first minute of the clip. Even 20 years later, I don’t think anyone is close to this combination of size, fluidity and athleticism. Who do you all think is the closest in the NBA today?",Evidence-Based Analysis,https://www.reddit.com/r/nba/comments/1ubvqff/lebron_james_athleticism_during_his_first/,
"Noone. Legitimately noone is as big, as fast, as strong, and as coordinated all together. Some people come close in one or two areas but all of them put together. It's Lebron and just Lebron.",Reasoned Opinion,https://www.reddit.com/r/nba/comments/1ubvqff/lebron_james_athleticism_during_his_first/,
"LeBron on the fast break, absolutely terrifying",Hot Take or Reaction,https://www.reddit.com/r/nba/comments/1ubvqff/lebron_james_athleticism_during_his_first/,
I miss Fred McLeod,Hot Take or Reaction,https://www.reddit.com/r/nba/comments/1ubvqff/lebron_james_athleticism_during_his_first/,
God he would’ve been the greatest Tight end of all time if he chose to go down that route,Reasoned Opinion,https://www.reddit.com/r/nba/comments/1ubvqff/lebron_james_athleticism_during_his_first/,
"I remember watching the 2008(?) playoffs and LeBron had an outrageous breakaway alley oop where the lob was so far out of reach it looked like no chance he could snag it. He was like head height to the rim to reach it, full extension with one arm and finish. Hard to believe that was almost 20 years ago but that's a Bron play that lives rent free in my head. Gonna try to find it.",Evidence-Based Analysis,https://www.reddit.com/r/nba/comments/1ubvqff/lebron_james_athleticism_during_his_first/,
98% of the players in this video have retired btw,Hot Take or Reaction,https://www.reddit.com/r/nba/comments/1ubvqff/lebron_james_athleticism_during_his_first/,Borderline with Reasoned Opinion; labeled reaction because the claim is mostly emotional or unsupported.
I have witnessed,Hot Take or Reaction,https://www.reddit.com/r/nba/comments/1ubvqff/lebron_james_athleticism_during_his_first/,
GOAT,Hot Take or Reaction,https://www.reddit.com/r/nba/comments/1ubvqff/lebron_james_athleticism_during_his_first/,
https://youtu.be/rQLUvMNRQ-o?is=sAKdUWc1Bx0Ydz0f Never gets talked about. You never see this unless it's in dunk contests. LeBron does it in-game with absolute ease.,Reasoned Opinion,https://www.reddit.com/r/nba/comments/1ubvqff/lebron_james_athleticism_during_his_first/,
I miss headband lebron.,Hot Take or Reaction,https://www.reddit.com/r/nba/comments/1ubvqff/lebron_james_athleticism_during_his_first/,
Being this athletically gifted and also having the highest bbiq on the floor is unfair bro this man is unbelievable,Reasoned Opinion,https://www.reddit.com/r/nba/comments/1ubvqff/lebron_james_athleticism_during_his_first/,
peak,Hot Take or Reaction,https://www.reddit.com/r/nba/comments/1ubvqff/lebron_james_athleticism_during_his_first/,
The only way to be as good as he is in his 40s is to be so athletic that you can afford to lose multiple steps,Reasoned Opinion,https://www.reddit.com/r/nba/comments/1ubvqff/lebron_james_athleticism_during_his_first/,
Good lord,Hot Take or Reaction,https://www.reddit.com/r/nba/comments/1ubvqff/lebron_james_athleticism_during_his_first/,
Man the fact that he dragged a bunch of bums to the finals in 2007 is not respected enough.,Evidence-Based Analysis,https://www.reddit.com/r/nba/comments/1ubvqff/lebron_james_athleticism_during_his_first/,
He averaged 30.3 at 37 years old. Prime LeBron is probably averaging 34-35 in this era.,Evidence-Based Analysis,https://www.reddit.com/r/nba/comments/1ubvqff/lebron_james_athleticism_during_his_first/,
One of the most underrated aspects of LeBron is that he stayed mostly healthy for a long career with this kind of athleticism and hard style of playing. Most guys who are this explosive and athletic much less at this size run into a major injury at some point. The fact he was like this consistently for over a decade is just mind boggling.,Evidence-Based Analysis,https://www.reddit.com/r/nba/comments/1ubvqff/lebron_james_athleticism_during_his_first/,Borderline with Reasoned Opinion; labeled analysis because it uses a concrete basketball fact or comparison.
Dennis Rodman can handle that?,Hot Take or Reaction,https://www.reddit.com/r/nba/comments/1ubvqff/lebron_james_athleticism_during_his_first/,
"He's not 6'5"" 210 either btw",Evidence-Based Analysis,https://www.reddit.com/r/nba/comments/1ubvqff/lebron_james_athleticism_during_his_first/,
Jason Richardson going for the 360 on the breakaway always cracks me up,Reasoned Opinion,https://www.reddit.com/r/nba/comments/1ubvqff/lebron_james_athleticism_during_his_first/,
Crazy how unathletic he seems now in comparison That was the real alien,Hot Take or Reaction,https://www.reddit.com/r/nba/comments/1ubvqff/lebron_james_athleticism_during_his_first/,
these comps always forget the failed alley oop pass he caught in portland. he had like his nose at rim level. also dunno if i missed it in this vid but where are his poster dunks on KG and Tim Duncan?,Reasoned Opinion,https://www.reddit.com/r/nba/comments/1ubvqff/lebron_james_athleticism_during_his_first/,
Every time I see this I always think: “how much of a fucking MORON do you have to be to attempt a 360 dunk in front of LeBron James?!?!?” Lol,Evidence-Based Analysis,https://www.reddit.com/r/nba/comments/1ubvqff/lebron_james_athleticism_during_his_first/,Borderline with Reasoned Opinion; labeled analysis because it uses a concrete basketball fact or comparison.
LeBron in those light blue Cavs throwbacks just moves different.,Hot Take or Reaction,https://www.reddit.com/r/nba/comments/1ubvqff/lebron_james_athleticism_during_his_first/,
I miss Fred McLeod. This needs to be stickied to the top of r_NBATalk so I can stop seeing posts like “do you think prime LeBron could dunk on Wemby?” The answer is an emphatic yes.,Reasoned Opinion,https://www.reddit.com/r/nba/comments/1ubvqff/lebron_james_athleticism_during_his_first/,
Jokic was 2 points away from that this year,Evidence-Based Analysis,https://www.reddit.com/r/nba/comments/1ubvqff/lebron_james_athleticism_during_his_first/,
He could’ve played any sport,Hot Take or Reaction,https://www.reddit.com/r/nba/comments/1ubvqff/lebron_james_athleticism_during_his_first/,
the most athletic player ever,Hot Take or Reaction,https://www.reddit.com/r/nba/comments/1ubvqff/lebron_james_athleticism_during_his_first/,
I heard an interview with Chauncey Billups in 2005 or 2005 say that he doesn’t watch basketball at home unless it’s LeBron because he’s such a physical freak of nature.,Evidence-Based Analysis,https://www.reddit.com/r/nba/comments/1ubvqff/lebron_james_athleticism_during_his_first/,Borderline with Reasoned Opinion; labeled analysis because it uses a concrete basketball fact or comparison.
man i fucking wish we had someone like young Bron in the league today. miss watching him fly all over the court like this while being a smart enough player to actually take advantage of his gifts to elevate others.,Reasoned Opinion,https://www.reddit.com/r/nba/comments/1ubvqff/lebron_james_athleticism_during_his_first/,
LeBlock Party,Hot Take or Reaction,https://www.reddit.com/r/nba/comments/1ubvqff/lebron_james_athleticism_during_his_first/,
So sick,Hot Take or Reaction,https://www.reddit.com/r/nba/comments/1ubvqff/lebron_james_athleticism_during_his_first/,
"Every few years we have some advanced metrics battle about the current MVP and how they are the most dominant player of all time or most efficient player of all time but unless you saw prime LeBron you don't know. Dude is the most dominant force I have ever seen on a court. If he wanted to score it was going in the basket. He single handedly turned the cavaliers from a lottery team to a ECF squad. Like actually when he left they went from the finals to last place in the league. SGA, Jokic, Giannis... They just never hit that.",Evidence-Based Analysis,https://www.reddit.com/r/nba/comments/1ubvqff/lebron_james_athleticism_during_his_first/,
Goddamn,Hot Take or Reaction,https://www.reddit.com/r/nba/comments/1ubvqff/lebron_james_athleticism_during_his_first/,
"Don’t think we’ll ever see someone like him again. His size with that speed, explosiveness, agility and court vision is unheard of, especially with the mindset of being the GOAT. Not to mention just his aura is unmatched when he wanted to take over. We get flashes of that from other players occasionally, like someone who’s his size but couldn’t hold a candle to his speed or someone with his sight and agility but couldn’t even close to the speed and explosiveness. The complete combination that is LeBron is one of a kind. /glaze",Evidence-Based Analysis,https://www.reddit.com/r/nba/comments/1ubvqff/lebron_james_athleticism_during_his_first/,
I think people forgot about this version of Bron. He was must see tv,Reasoned Opinion,https://www.reddit.com/r/nba/comments/1ubvqff/lebron_james_athleticism_during_his_first/,
"The young cant really understand the brutality of aging, but they will.",Reasoned Opinion,https://www.reddit.com/r/nba/comments/1ubvqff/lebron_james_athleticism_during_his_first/,
Nah that second clip were he doubled clutch 😳😤💪🏾🔥,Hot Take or Reaction,https://www.reddit.com/r/nba/comments/1ubvqff/lebron_james_athleticism_during_his_first/,
So *that’s* why he looks like just a regular good player at this age. He *has* fallen off a cliff.,Reasoned Opinion,https://www.reddit.com/r/nba/comments/1ubvqff/lebron_james_athleticism_during_his_first/,Borderline with Hot Take; labeled opinion because the commenter gives at least one supporting reason.
Imagine he had his lefuck you 3 in his bag in 2009,Evidence-Based Analysis,https://www.reddit.com/r/nba/comments/1ubvqff/lebron_james_athleticism_during_his_first/,
Dennis Rodman thinking he could lock this guy up is so delusional,Reasoned Opinion,https://www.reddit.com/r/nba/comments/1ubvqff/lebron_james_athleticism_during_his_first/,
4:42 will forever be my favorite LeBron dunk.. dunno why but the sound and atmosphere throughout the play.. just such an insane jackhammer.,Evidence-Based Analysis,https://www.reddit.com/r/nba/comments/1ubvqff/lebron_james_athleticism_during_his_first/,Borderline with Reasoned Opinion; labeled analysis because it uses a concrete basketball fact or comparison.
"What's crazy was when he went to Miami, he noticeably looked slower and jumped less and he was still a freak of athlete in Miami (just bulkier). Really shows how insane he was in his early 20's",Evidence-Based Analysis,https://www.reddit.com/r/nba/comments/1ubvqff/lebron_james_athleticism_during_his_first/,
I think I watched basically every game during this span. Started freshman year of college his rookie year and these were incredible memories. So spoiled.,Reasoned Opinion,https://www.reddit.com/r/nba/comments/1ubvqff/lebron_james_athleticism_during_his_first/,
Brandon Roy 😔,Hot Take or Reaction,https://www.reddit.com/r/nba/comments/1ubvqff/lebron_james_athleticism_during_his_first/,
"There are fantastic, but what he’s doing now at age 41 is just as crazy",Evidence-Based Analysis,https://www.reddit.com/r/nba/comments/1ubvqff/lebron_james_athleticism_during_his_first/,
The Cavs really did waste the first 7 years of his career by failing to build him a proper team. Wemby should forever be thankful for the Spurs Front Office.,Evidence-Based Analysis,https://www.reddit.com/r/nba/comments/1ubvqff/lebron_james_athleticism_during_his_first/,
"His footspeed is so underrated, he hawks people down like no other",Reasoned Opinion,https://www.reddit.com/r/nba/comments/1ubvqff/lebron_james_athleticism_during_his_first/,
I'm almost grateful for not being able to witness that because it would crush any impression of rookies I have now,Reasoned Opinion,https://www.reddit.com/r/nba/comments/1ubvqff/lebron_james_athleticism_during_his_first/,Borderline with Hot Take; labeled opinion because the commenter gives at least one supporting reason.
"2008-2009 season James was the funniest player to wathc. Increadible atheticism and the first season he improved his shooting form and started his iconic 30 footer threes. He also felt incredibly confident, shame the team wasn't able to overcome the Magic, he was never the same after that and lost confidence.",Evidence-Based Analysis,https://www.reddit.com/r/nba/comments/1ubvqff/lebron_james_athleticism_during_his_first/,
I’m going to sound like Jordan Stans but f it. Prime LeBron averages a 30 triple double if he plays in the live ball era we’re in now.,Evidence-Based Analysis,https://www.reddit.com/r/nba/comments/1ubvqff/lebron_james_athleticism_during_his_first/,Borderline with Reasoned Opinion; labeled analysis because it uses a concrete basketball fact or comparison.
Dude was fucking quick too.,Hot Take or Reaction,https://www.reddit.com/r/nba/comments/1ubvqff/lebron_james_athleticism_during_his_first/,
"Any time the topic of his legendary athleticism comes up I just show them this 10 second clip: https://www.youtube.com/watch?v=rQLUvMNRQ-o People who never watched him during the first few years really don't understand. It was insane and he never took any nights off, played 48 minutes in games that mattered, etc. It's honestly unbelievable how long his career has lasted with how explosive he was. Edit: Another one that just displays his crazy strength. Look how easily he can toss a ball full court. Only other person in this clip who threw it so easily was Dwight Howard (which obviously). https://www.youtube.com/watch?v=xWT0EWiVQPE",Evidence-Based Analysis,https://www.reddit.com/r/nba/comments/1ubvqff/lebron_james_athleticism_during_his_first/,
Amazing highlight reel video that could well describe a career for any player and this is just his first stint at Cleveland,Evidence-Based Analysis,https://www.reddit.com/r/nba/comments/1ubvqff/lebron_james_athleticism_during_his_first/,
If anything this just makes me think about how you used to be able to body someone on a breakaway and it wasn’t a foul. My goat. What have they done to the sport I love:(,Reasoned Opinion,https://www.reddit.com/r/nba/comments/1ubvqff/lebron_james_athleticism_during_his_first/,
I think I only seen one person in this clip outside of LeBron that’s still in the league 😂,Reasoned Opinion,https://www.reddit.com/r/nba/comments/1ubvqff/lebron_james_athleticism_during_his_first/,
G. O. A. T,Hot Take or Reaction,https://www.reddit.com/r/nba/comments/1ubvqff/lebron_james_athleticism_during_his_first/,
The first Cavs run was so fun to watch even if they didnt win everything. He was just built different back then.,Reasoned Opinion,https://www.reddit.com/r/nba/comments/1ubvqff/lebron_james_athleticism_during_his_first/,
"i love that lebron is the type of player that always try’s to make the RIGHT play. i’m from toronto, so i used to root for vince carter and the biggest thing that bothered me was that he was never aggressive. people used to say, he was in love with the fadeaway but if he just put his head down and drove to the basket all the time, he’d be unstoppable. that’s where i love bron, bron would just take away his weaknesses and not make it a problem. it’s like watching wemby now, i remember in game 4 close to the end. he shot 2x three point shots and missed. and i couldn’t stop cursing at the tv. but bron? oh he probably would have drove to the basket and put his strength on full display.",Evidence-Based Analysis,https://www.reddit.com/r/nba/comments/1ubvqff/lebron_james_athleticism_during_his_first/,
"Such a crazy athlete, it's ridiculous they could not put a decent team around him for those first years, he would have had another championship at least.",Evidence-Based Analysis,https://www.reddit.com/r/nba/comments/1ubvqff/lebron_james_athleticism_during_his_first/,
Mini MJ,Hot Take or Reaction,https://www.reddit.com/r/nba/comments/1ubvqff/lebron_james_athleticism_during_his_first/,
He’s still so athletic is makes people forget how much less athletic he is than his prime,Reasoned Opinion,https://www.reddit.com/r/nba/comments/1ubvqff/lebron_james_athleticism_during_his_first/,
Always crazy to think that his career tape includes highlights against both fathers and their sons,Reasoned Opinion,https://www.reddit.com/r/nba/comments/1ubvqff/lebron_james_athleticism_during_his_first/,Borderline with Hot Take; labeled opinion because the commenter gives at least one supporting reason.
"I remember hearing about his height and weight, and for someone who watched the 90s NBA 6-8 and 260 pounds (Karl Malone was 6-9 and about same weight) was PF size but then I saw the way he moved, how fast moved, how good his court vision was, and how he was able to finish at the rim at will…and really hoped that he would turn out to be a good one and he turned out to awesome. As good as LeBron was, seeing the sheer number of there were guys who didn’t make it, despite his mercenary-like choices by controlling his career and forcing the management to do his bidding — he turned out to be HoFer so I am happy. So many guys’ careers derailed because of injuries (GHill and Penny, Chris Webber with his shoulder problems in Wizards and eventually his knee with Sac) and unable improve their games by relying solely on their athleticism (Darius Miles and Quentin Richard) and mired in rut because of bad team (KG in Minnesota days, Sprewell and Joe Smith with the Warriors) and crazy (Ricky Davis and Sprewell)…LeBron was and still is special.",Evidence-Based Analysis,https://www.reddit.com/r/nba/comments/1ubvqff/lebron_james_athleticism_during_his_first/,
It's... It's so beautiful EDIT: wait who the FUCK downvotes Gandalf,Reasoned Opinion,https://www.reddit.com/r/nba/comments/1ubvqff/lebron_james_athleticism_during_his_first/,
"He's good at a lot of things, but he's the best transition player ever. On both sides of the ball. He'd go crazy in the NFL",Reasoned Opinion,https://www.reddit.com/r/nba/comments/1ubvqff/lebron_james_athleticism_during_his_first/,Borderline with Hot Take; labeled opinion because the commenter gives at least one supporting reason.
Lol this monster used to be more athletic,Hot Take or Reaction,https://www.reddit.com/r/nba/comments/1ubvqff/lebron_james_athleticism_during_his_first/,
"ok, I quit after the second one - just preposterous!",Hot Take or Reaction,https://www.reddit.com/r/nba/comments/1ubvqff/lebron_james_athleticism_during_his_first/,
I remember when I first started watching basketball thanks to LeBron highlights of him dunking over the hawks in ‘09,Evidence-Based Analysis,https://www.reddit.com/r/nba/comments/1ubvqff/lebron_james_athleticism_during_his_first/,
"What's amazing was Sasha Pavlovic hitting an open 3. That man was one of the most inconsistent three point specialists of all time. If that Bron had someone like Sam Merrill instead and some more athletic bigs, he might have had another chance or two at a chip",Evidence-Based Analysis,https://www.reddit.com/r/nba/comments/1ubvqff/lebron_james_athleticism_during_his_first/,Borderline with Reasoned Opinion; labeled analysis because it uses a concrete basketball fact or comparison.
Goaltend on Roy’s shot. I also believe that’s the game LeBron’s chin was damn near at the rim.,Reasoned Opinion,https://www.reddit.com/r/nba/comments/1ubvqff/lebron_james_athleticism_during_his_first/,Borderline with Hot Take; labeled opinion because the commenter gives at least one supporting reason.
"Did that announcer say Lowry? As in, Kyle Lowry? Edit: Holy shit, Kyle Lowry has been in the NBA for 20 years",Evidence-Based Analysis,https://www.reddit.com/r/nba/comments/1ubvqff/lebron_james_athleticism_during_his_first/,
This man still dominated a playoff series at 41,Evidence-Based Analysis,https://www.reddit.com/r/nba/comments/1ubvqff/lebron_james_athleticism_during_his_first/,
LeBron > MJ,Hot Take or Reaction,https://www.reddit.com/r/nba/comments/1ubvqff/lebron_james_athleticism_during_his_first/,
"Impossible to overstate how insane this was at the time. There was no reference for it. It was like someone merged Magic, Kemp and Jordan into one player. Plus he was doing it all with the weight of unprecedented expectations.",Reasoned Opinion,https://www.reddit.com/r/nba/comments/1ubvqff/lebron_james_athleticism_during_his_first/,Borderline with Hot Take; labeled opinion because the commenter gives at least one supporting reason.
"He's so good that despite being the all-time leading scorer in NBA history, his 'signature' move has to be the chase down block.",Reasoned Opinion,https://www.reddit.com/r/nba/comments/1ubvqff/lebron_james_athleticism_during_his_first/,Borderline with Hot Take; labeled opinion because the commenter gives at least one supporting reason.
People say that Miami Lebron was the most athletic version of him but don't remember his first stint with Cleveland. He was genuinely the strongest guy out there while moving lightening quick. I've never seen anything like that since.,Evidence-Based Analysis,https://www.reddit.com/r/nba/comments/1ubvqff/lebron_james_athleticism_during_his_first/,
I doubt we see anyone like him in our lifetime again. He’s a once in a century type player with how elite he was from day 1 and still to this day at age 42.,Evidence-Based Analysis,https://www.reddit.com/r/nba/comments/1ubvqff/lebron_james_athleticism_during_his_first/,
geez what was Richardson doing in 0:52? 360 down 2 in the 4th?,Reasoned Opinion,https://www.reddit.com/r/nba/comments/1ubvqff/lebron_james_athleticism_during_his_first/,
"“Fuck it, Bron up there somewhere”",Reasoned Opinion,https://www.reddit.com/r/nba/comments/1ubvqff/lebron_james_athleticism_during_his_first/,
Jesus.,Hot Take or Reaction,https://www.reddit.com/r/nba/comments/1ubvqff/lebron_james_athleticism_during_his_first/,
Cleveland squandered these years so badly. Some of the worst roster building I've ever seen.,Evidence-Based Analysis,https://www.reddit.com/r/nba/comments/1ubvqff/lebron_james_athleticism_during_his_first/,
So many dudes thought they had open layups only to be denied from behind in the last second. Those chase down blocks were a thing of beauty.,Reasoned Opinion,https://www.reddit.com/r/nba/comments/1ubvqff/lebron_james_athleticism_during_his_first/,
"He was the most electrifying rookie I saw. He is also still the most electrifying 40 year I’ve ever seen. He was electric in between. What a privilege to watch MJ, Kobe and him in one lifetime. We are lucky.",Evidence-Based Analysis,https://www.reddit.com/r/nba/comments/1ubvqff/lebron_james_athleticism_during_his_first/,
Raw power.,Hot Take or Reaction,https://www.reddit.com/r/nba/comments/1ubvqff/lebron_james_athleticism_during_his_first/,
"I had a friend who, during this era, said it was impossible to root for LeBron because it was like rooting for the Terminators",Reasoned Opinion,https://www.reddit.com/r/nba/comments/1ubvqff/lebron_james_athleticism_during_his_first/,Borderline with Hot Take; labeled opinion because the commenter gives at least one supporting reason.
Carried his team to the finals for years,Evidence-Based Analysis,https://www.reddit.com/r/nba/comments/1ubvqff/lebron_james_athleticism_during_his_first/,
"My God the Klutch propaganda machine is going into overdrive this off season....if this is what the next few months are going to be, just constantly glazing this fraud, then it's going to be a very long off season",Reasoned Opinion,https://www.reddit.com/r/nba/comments/1ubvqff/lebron_james_athleticism_during_his_first/,
"In 2009 he was listed at 6'9 250. That's the average weight of an NFL linebacker. Was still the fastest, highest flying player on the floor and did it for 39 minutes a night. Honestly what's even more impressive is that his wasn't even his peak.",Evidence-Based Analysis,https://www.reddit.com/r/nba/comments/1ubvqff/lebron_james_athleticism_during_his_first/,
What is this quality,Hot Take or Reaction,https://www.reddit.com/r/nba/comments/1ubvqff/lebron_james_athleticism_during_his_first/,
Some of the sounds on the rims of those slam dunks. My god. I still can’t believe they lost to the Magic in 09. That was our year,Evidence-Based Analysis,https://www.reddit.com/r/nba/comments/1ubvqff/lebron_james_athleticism_during_his_first/,
That Cavs Wizards rivalry was fun,Hot Take or Reaction,https://www.reddit.com/r/nba/comments/1ubvqff/lebron_james_athleticism_during_his_first/,
Sometimes it looked like the court was too small for him to get up to full speed.,Reasoned Opinion,https://www.reddit.com/r/nba/comments/1ubvqff/lebron_james_athleticism_during_his_first/,
That send dunk is absolutely insane. Dunkin from that distance through defense and double clutching it is mind-blowing,Reasoned Opinion,https://www.reddit.com/r/nba/comments/1ubvqff/lebron_james_athleticism_during_his_first/,Borderline with Hot Take; labeled opinion because the commenter gives at least one supporting reason.
He makes it look like he's having so much fun being superior to everyone.,Reasoned Opinion,https://www.reddit.com/r/nba/comments/1ubvqff/lebron_james_athleticism_during_his_first/,
"The force and speed first stint Cavs and Miami Bron played with was different. Those chase downs were eyebrow raising and on the break, it was either move or youre going on the ESPN top highlights.",Evidence-Based Analysis,https://www.reddit.com/r/nba/comments/1ubvqff/lebron_james_athleticism_during_his_first/,
He played against Yao? Crazy,Hot Take or Reaction,https://www.reddit.com/r/nba/comments/1ubvqff/lebron_james_athleticism_during_his_first/,
It was him and pretty much corpses on those Cleveland teams and he still willed them into the playoffs,Evidence-Based Analysis,https://www.reddit.com/r/nba/comments/1ubvqff/lebron_james_athleticism_during_his_first/,
"This was the era where you still had multiple slow, lumbering bigs on the floor and LeBron would get criticized for being *too* good of a passer because he was so unguardable going to the basket it really seemed like he could have averaged 40 a game",Evidence-Based Analysis,https://www.reddit.com/r/nba/comments/1ubvqff/lebron_james_athleticism_during_his_first/,
Wemby don’t move like that.,Hot Take or Reaction,https://www.reddit.com/r/nba/comments/1ubvqff/lebron_james_athleticism_during_his_first/,
Some of these are fouls lol But still insane display of athleticism,Hot Take or Reaction,https://www.reddit.com/r/nba/comments/1ubvqff/lebron_james_athleticism_during_his_first/,Borderline with Reasoned Opinion; labeled reaction because the claim is mostly emotional or unsupported.
Just a absolute freak of nature,Hot Take or Reaction,https://www.reddit.com/r/nba/comments/1ubvqff/lebron_james_athleticism_during_his_first/,
It's something how I was able to watch all that despite the Pistons being in there. Time heals.....?,Reasoned Opinion,https://www.reddit.com/r/nba/comments/1ubvqff/lebron_james_athleticism_during_his_first/,
LeBron is the only person I've ever seen and jump over somebody to catch an alley oop,Reasoned Opinion,https://www.reddit.com/r/nba/comments/1ubvqff/lebron_james_athleticism_during_his_first/,
This is the highlights that make him the goat 🐐,Hot Take or Reaction,https://www.reddit.com/r/nba/comments/1ubvqff/lebron_james_athleticism_during_his_first/,
Lebron has the best career transition volume all time. His fastbreak is about 1.25 points per possession.,Evidence-Based Analysis,https://www.reddit.com/r/nba/comments/1ubvqff/lebron_james_athleticism_during_his_first/,
He was the fastest player in the league at 6'8 250. It was outrageous to watch.,Evidence-Based Analysis,https://www.reddit.com/r/nba/comments/1ubvqff/lebron_james_athleticism_during_his_first/,
People (including myself) don’t appreciate LeBron enough. That 360 slam block was insane and the suns guy is mad at himself for trying it,Evidence-Based Analysis,https://www.reddit.com/r/nba/comments/1ubvqff/lebron_james_athleticism_during_his_first/,
I never did like LeBron but I will admit and give him credit. Dude was a fucking beast and could fucking ball.,Reasoned Opinion,https://www.reddit.com/r/nba/comments/1ubvqff/lebron_james_athleticism_during_his_first/,
It must be so much fun to be that athletic.,Hot Take or Reaction,https://www.reddit.com/r/nba/comments/1ubvqff/lebron_james_athleticism_during_his_first/,Borderline with Reasoned Opinion; labeled reaction because the claim is mostly emotional or unsupported.
Amen Thompson is the only person in the league that kinda moves the same way as cleveland LeBron but still LeBron is a completely different due to his ability to elevate off 1 leg in motion AND both legs from a stand still. His speed doesn't even make sense in some of these.,Evidence-Based Analysis,https://www.reddit.com/r/nba/comments/1ubvqff/lebron_james_athleticism_during_his_first/,Borderline with Reasoned Opinion; labeled analysis because it uses a concrete basketball fact or comparison.
Superman,Hot Take or Reaction,https://www.reddit.com/r/nba/comments/1ubvqff/lebron_james_athleticism_during_his_first/,
"I lived it, it was great Ray Allen in this shit so many times getting his shit blocked lol",Reasoned Opinion,https://www.reddit.com/r/nba/comments/1ubvqff/lebron_james_athleticism_during_his_first/,Borderline with Hot Take; labeled opinion because the commenter gives at least one supporting reason.
The original “He’s just a run and dunk guy”,Hot Take or Reaction,https://www.reddit.com/r/nba/comments/1ubvqff/lebron_james_athleticism_during_his_first/,
The distance that ball is coming off the backboard on some of those blocks… do you know how fucking hard he’s gotta be smacking those shots to do that,Reasoned Opinion,https://www.reddit.com/r/nba/comments/1ubvqff/lebron_james_athleticism_during_his_first/,
Should have raised the rim to 12 feet for this guy. Was an absolute beast.,Reasoned Opinion,https://www.reddit.com/r/nba/comments/1ubvqff/lebron_james_athleticism_during_his_first/,
Old heads are right! LeBron couldn’t have played in the 90’s. The League would’ve BANNED him for the numbers he would’ve put up 😂,Evidence-Based Analysis,https://www.reddit.com/r/nba/comments/1ubvqff/lebron_james_athleticism_during_his_first/,
That Detroit fast break still blows my mind. He crosses damn near the entire basketball court in like 3 seconds. Nobody that big should be that fast.,Evidence-Based Analysis,https://www.reddit.com/r/nba/comments/1ubvqff/lebron_james_athleticism_during_his_first/,
Jordan never did allat,Hot Take or Reaction,https://www.reddit.com/r/nba/comments/1ubvqff/lebron_james_athleticism_during_his_first/,
"I am 100% dead serious when i say I think there is at least a 50% chance that lebron is a genetically modified human being and in turn, has no father",Evidence-Based Analysis,https://www.reddit.com/r/nba/comments/1ubvqff/lebron_james_athleticism_during_his_first/,
Took some of this stuff for granted back in the day.,Reasoned Opinion,https://www.reddit.com/r/nba/comments/1ubvqff/lebron_james_athleticism_during_his_first/,
That block on Jason Richardson is insane. I can’t believe he tried a 360 gets blocked and then have the nerve to complain lol,Evidence-Based Analysis,https://www.reddit.com/r/nba/comments/1ubvqff/lebron_james_athleticism_during_his_first/,Borderline with Reasoned Opinion; labeled analysis because it uses a concrete basketball fact or comparison.
This guy made dunking on a 10ft hoop with a full sized basketball against a team of top level defenders seem no different than us dunking our 5ft door-mounted mini hoop in our bedrooms when we wake up.,Evidence-Based Analysis,https://www.reddit.com/r/nba/comments/1ubvqff/lebron_james_athleticism_during_his_first/,
The size difference of players is so crazy,Hot Take or Reaction,https://www.reddit.com/r/nba/comments/1ubvqff/lebron_james_athleticism_during_his_first/,
One of the very best to do it. Haven’t see anything like his first Cleveland stint. I also want to give credit to that Cleveland team and coach mike brown as they were a very good defensive team and coach and you could see that in the knicks finals this year.,Evidence-Based Analysis,https://www.reddit.com/r/nba/comments/1ubvqff/lebron_james_athleticism_during_his_first/,
What gets me is the handle at that size and speed. He was doing stuff in 2004 that wings couldn't do until a decade later,Evidence-Based Analysis,https://www.reddit.com/r/nba/comments/1ubvqff/lebron_james_athleticism_during_his_first/,
"The appeal of this posts is often that younger fans know lebron mainly as a highly skilled veteran,while older fans remember him as arguably one of the most physically dominant athletes the sport has ever seen.",Reasoned Opinion,https://www.reddit.com/r/nba/comments/1ubvqff/lebron_james_athleticism_during_his_first/,
He could drive and dunk it every possession if he wanted to,Reasoned Opinion,https://www.reddit.com/r/nba/comments/1ubvqff/lebron_james_athleticism_during_his_first/,
He’s so fucking fast it’s scary,Hot Take or Reaction,https://www.reddit.com/r/nba/comments/1ubvqff/lebron_james_athleticism_during_his_first/,Borderline with Reasoned Opinion; labeled reaction because the claim is mostly emotional or unsupported.
"whoever that was at :50, you gotta retire after that. mid game.",Evidence-Based Analysis,https://www.reddit.com/r/nba/comments/1ubvqff/lebron_james_athleticism_during_his_first/,
Highlights like this are why all the gimmicky uniforms are stupid. Can pretty much always know which teams are on the court immediately.,Reasoned Opinion,https://www.reddit.com/r/nba/comments/1ubvqff/lebron_james_athleticism_during_his_first/,Borderline with Hot Take; labeled opinion because the commenter gives at least one supporting reason.
the block on J-Rich trying to do a 360 is so funny,Reasoned Opinion,https://www.reddit.com/r/nba/comments/1ubvqff/lebron_james_athleticism_during_his_first/,
"People always talk about LeBron being robbed of DPOY in 2012-13, but he was actually already second in DPOY voting in 2008-09, losing only to Dwight who was undoubtedly one of the great defensive players of the last 25 years or so. It was in Miami when he got big enough to truly guard the 5 and thus become genuinely capable of guarding 1-5 but he was already absurdly versatile in his first Cavs stint and was the best help defender/roamer in the league. You think Ausar is an absurd defender? LeBron was like that but faster and more athletic.",Evidence-Based Analysis,https://www.reddit.com/r/nba/comments/1ubvqff/lebron_james_athleticism_during_his_first/,
This was all he had at that point. Then he developed a go-to clean ass shot.. then he learned the 3 ball. Dude was nba ready at 16 lol.,Evidence-Based Analysis,https://www.reddit.com/r/nba/comments/1ubvqff/lebron_james_athleticism_during_his_first/,
All Dan Gilbert did was surround him with has beens. Gilbert never gave him proper talent. He likely colluded with league to get LeBron as the home state kid and proceeded to do nothing. And people shit on lebron cause he went out im gonna get my own help since y'all wont do anything. Silver is trying to make sure wemby gets the help he needs,Reasoned Opinion,https://www.reddit.com/r/nba/comments/1ubvqff/lebron_james_athleticism_during_his_first/,
Man... this was special to watch.,Hot Take or Reaction,https://www.reddit.com/r/nba/comments/1ubvqff/lebron_james_athleticism_during_his_first/,
I saw a ton of these plays live. Nephews will never know the experience of seeing someone on a fastbreak and just knowing Bron was coming for that shit. No other player created that specific anticipation every game,Reasoned Opinion,https://www.reddit.com/r/nba/comments/1ubvqff/lebron_james_athleticism_during_his_first/,Borderline with Hot Take; labeled opinion because the commenter gives at least one supporting reason.
Most explosive player ever,Hot Take or Reaction,https://www.reddit.com/r/nba/comments/1ubvqff/lebron_james_athleticism_during_his_first/,
Lag,Hot Take or Reaction,https://www.reddit.com/r/nba/comments/1ubvqff/lebron_james_athleticism_during_his_first/,
My flabbers are forever gasted,Hot Take or Reaction,https://www.reddit.com/r/nba/comments/1ubvqff/lebron_james_athleticism_during_his_first/,
Young Bron still the alien among aliens for me.,Hot Take or Reaction,https://www.reddit.com/r/nba/comments/1ubvqff/lebron_james_athleticism_during_his_first/,
Holy shit,Hot Take or Reaction,https://www.reddit.com/r/nba/comments/1ubvqff/lebron_james_athleticism_during_his_first/,
Greatest athlete I've ever seen.,Hot Take or Reaction,https://www.reddit.com/r/nba/comments/1ubvqff/lebron_james_athleticism_during_his_first/,
It’s like he’s holding the turbo button at all times,Reasoned Opinion,https://www.reddit.com/r/nba/comments/1ubvqff/lebron_james_athleticism_during_his_first/,Borderline with Hot Take; labeled opinion because the commenter gives at least one supporting reason.
"So let me get this straight a 6,9 forward with elite speed and power combined with a computer-made brain for bball wasnt created in a lab ? Oh i forgot, he never suffered any type of long lasting injuries. Watching this man play at 42 is a blessing.",Evidence-Based Analysis,https://www.reddit.com/r/nba/comments/1ubvqff/lebron_james_athleticism_during_his_first/,
He doesn’t even make a movie sometimes. He just goes right and that’s it,Reasoned Opinion,https://www.reddit.com/r/nba/comments/1ubvqff/lebron_james_athleticism_during_his_first/,
That is actually terrifying,Hot Take or Reaction,https://www.reddit.com/r/nba/comments/1ubvqff/lebron_james_athleticism_during_his_first/,
Jaylen Brown Jr.,Hot Take or Reaction,https://www.reddit.com/r/nba/comments/1ubvqff/lebron_james_athleticism_during_his_first/,
Bro had like 3/4 careers 🤣 Those first couple of years in CLE he was out to prove something. Played through contact and was destroying the rim. Then he started flopping…🤷🏻 Great post. Kind of forgot about Bron beast mode. Dudes would just bounce off him once he got going.,Evidence-Based Analysis,https://www.reddit.com/r/nba/comments/1ubvqff/lebron_james_athleticism_during_his_first/,
"Bron is the best ever when charging down the court with a full head of steam. It's crazy enough to watch from this distance, but I can only imagine what it must have looked like on the court with him coming at you. Damn",Hot Take or Reaction,https://www.reddit.com/r/nba/comments/1ubvqff/lebron_james_athleticism_during_his_first/,Borderline with Reasoned Opinion; labeled reaction because the claim is mostly emotional or unsupported.
I remember that sports commentator saying they’ve never seen LeBron dunk on someone like Kobe or Jordan,Reasoned Opinion,https://www.reddit.com/r/nba/comments/1ubvqff/lebron_james_athleticism_during_his_first/,
Witness,Hot Take or Reaction,https://www.reddit.com/r/nba/comments/1ubvqff/lebron_james_athleticism_during_his_first/,
